country_code,country_name,year,NY.GDP.PCAP.CD,SE.ADT.LITR.FE.ZS,SE.ADT.LITR.MA.ZS,SE.ADT.LITR.ZS,SE.PRM.CMPT.FE.ZS,SE.PRM.CMPT.MA.ZS,SE.PRM.CMPT.ZS,SE.PRM.DURS,SE.PRM.NENR,SE.PRM.NENR.FE,SE.PRM.NENR.MA,SE.PRM.PRSL.FE.ZS,SE.PRM.PRSL.MA.ZS,SE.PRM.PRSL.ZS,SE.SEC.CMPT.LO.FE.ZS,SE.SEC.CMPT.LO.MA.ZS,SE.SEC.CMPT.LO.ZS,SE.SEC.DURS,SE.SEC.NENR,SE.SEC.NENR.FE,SE.SEC.NENR.MA,SE.XPD.PRIM.PC.ZS,SE.XPD.SECO.PC.ZS,SE.XPD.TOTL.GD.ZS,SI.POV.NAHC,SP.DYN.TFRT.IN,SP.POP.TOTL,SP.RUR.TOTL.ZS,primary_gender_parity,secondary_gender_parity,primary_to_secondary_transition,primary_completion_gap,education_investment_per_capita,dropout_risk_high,region
AGO,Angola,2010,3597.34293216332,,,,36.21923828125,48.372688293457,42.2859001159668,6.0,75.80242,68.62343,83.07248,,,,,,,6.0,11.29064,10.07569,12.52422,,,3.42131996154785,,6.194,23294825.0,40.217,0.8260669478026899,0.8044964077603236,0.1489482789599593,33.5165198840332,123.07661182343438,1,Central Africa
AGO,Angola,2011,4615.91059831778,,,,35.8636512756348,62.360710144043,49.0943412780762,6.0,78.02393,67.27698,88.90347,,,,17.7761707305908,25.9524993896484,21.8540992736816,6.0,,,,,,3.24000000953674,,6.12,24218352.0,39.472,0.7567418909520629,,,28.929588721923796,149.55550382570345,1,Central Africa
AGO,Angola,2021,1925.87466082167,,,,59.0305480957031,60.2129707336426,59.6232604980469,6.0,,,,,,,42.7009582519531,46.1862106323242,44.4455986022949,6.0,,,,,,2.2971088886261,,5.304,34532429.0,32.54,,,,,44.239438017532336,1,Central Africa
AGO,Angola,2022,2929.69445467272,62.5,82.8000030517578,72.4000015258789,60.2004280090332,61.8553352355957,61.0302848815918,6.0,,,,,,,,,,6.0,,,,,,2.3321259021759,,5.209,35635029.0,31.919,,,,,68.32416323203348,1,Central Africa
BDI,Burundi,2010,216.727705301976,,,,53.5865783691406,55.9213905334473,54.7546691894531,6.0,95.37413,96.42535,94.32479,54.4852485656738,47.2584114074707,50.7216682434082,13.8466701507568,19.7312107086182,16.7868804931641,7.0,15.17589,13.68895,16.67038,14.43146,48.60981,6.67801666259766,,6.26,9376444.0,89.358,1.0222694373345544,0.8211540468783555,0.1591195641837047,40.6194608105469,14.473112272531507,1,East Africa
BDI,Burundi,2011,230.070577369084,,,,59.7081413269043,59.476261138916,59.5920906066895,6.0,,,,47.2705383300781,40.5271492004395,43.802059173584,19.5734901428223,26.7098808288574,23.1399803161621,7.0,16.88675,15.45501,18.32535,14.45543,40.64224,6.24009609222412,,6.108,9717978.0,89.085,,0.843367793793843,,,14.35662510776568,1,East Africa
BDI,Burundi,2012,231.688496393569,,,,66.2401123046875,62.8745384216309,64.5548629760742,6.0,,,,50.9612998962402,47.0520896911621,49.038158416748,17.4922904968262,23.9225292205811,20.7082996368408,7.0,18.42151,17.44259,19.40508,12.6662,32.87148,6.03472852706909,,5.991,10071028.0,88.806,,0.8988672038455908,,,13.981771785800149,1,East Africa
BDI,Burundi,2013,234.843045388828,,,,74.8393630981445,67.7748718261719,71.30126953125,6.0,,,,59.0685615539551,46.526798248291,52.5704307556152,21.4481391906738,26.9223709106445,24.1854496002197,7.0,21.40103,21.05094,21.75269,12.92904,31.24881,5.99539995193481,,5.889,10439341.0,88.518,,0.9677396220881188,,,14.079779830364036,1,East Africa
BDI,Burundi,2014,250.540481111877,55.0,70.0,62.0,73.8823471069336,64.3172836303711,69.089469909668,6.0,,,,48.306999206543,40.8645782470703,44.5647811889648,25.4910297393799,30.9495601654053,28.2209205627441,7.0,25.95054,26.212,25.68807,,,7.51637983322144,,5.794,10799785.0,88.224,,1.0203958491237373,,,18.83157419634909,1,East Africa
BDI,Burundi,2015,280.966831311923,,,,66.9074096679688,57.3010902404785,62.0943412780762,6.0,,,,47.6685905456543,41.0066986083984,44.3301582336426,33.684398651123,37.633129119873,35.6598587036133,7.0,28.89895,30.04619,27.74832,,,7.10290956497192,,5.695,11047580.0,87.922,,1.0828111395572777,,,19.956819935653098,1,East Africa
BDI,Burundi,2016,235.286205393908,59.4406814575195,73.296989440918,65.6877365112305,69.1788177490234,58.9061889648438,64.0318298339844,6.0,,,,46.0094184875488,40.4508018493652,43.2267990112305,39.449779510498,44.749568939209,42.104850769043,7.0,32.18514,33.93295,30.43435,,,4.96585083007812,,5.587,11239451.0,87.612,,1.1149556340122264,,,11.68396198361269,1,East Africa
BDI,Burundi,2017,236.694472592753,61.0,76.0,68.0,68.0269927978516,58.5449981689453,63.2770881652832,6.0,94.87551,96.35943,93.40181,47.3229293823242,40.2373008728027,43.7585792541504,43.2017517089844,36.6568298339844,39.9210891723633,6.0,28.30495,31.38195,25.22708,,,5.00918865203857,,5.481,11506762.0,87.294,1.031665553376321,1.2439786927381211,0.2983377902263713,31.5984218347168,11.856472661118726,1,East Africa
BDI,Burundi,2018,224.89939239264,,,,61.619930267334,52.8434600830078,57.2230911254883,6.0,92.8047,94.09198,91.52725,47.5691413879395,38.5476684570312,42.9858016967773,35.029411315918,28.3157005310059,31.6651706695557,6.0,27.52277,31.01462,24.03288,,,5.4135274887085,,5.38,11859446.0,86.968,1.028021490867474,1.2905078375958272,0.2965665532025857,35.581608874511694,12.17499042911396,1,East Africa
BDI,Burundi,2019,210.236494521532,,,,57.89453125,48.7870216369629,53.330379486084,6.0,,,,53.7120399475098,45.7311592102051,49.7019691467285,31.4613609313965,24.9268493652344,28.1889095306396,6.0,,,,,,5.34668445587158,,5.271,12255336.0,86.634,,,,,11.240681973152055,1,East Africa
BDI,Burundi,2020,210.008139902508,,,,53.001838684082,45.4094505310059,49.1959190368652,6.0,,,,,,,32.6167106628418,25.1944198608398,28.9011993408203,6.0,,,,,,5.32158517837524,51.0,5.177,12617036.0,86.292,,,,,11.175762046433404,1,East Africa
BFA,Burkina Faso,2010,624.957252224766,,,,43.1958999633789,49.2228813171387,46.2501106262207,6.0,59.91302,57.39892,62.34036,,,,14.1741895675659,17.8365306854248,16.0267906188965,7.0,16.48295,14.38973,18.50884,18.11396,20.56827,3.50222992897034,,5.936,16176498.0,75.367,0.920734496881314,0.7774517473812513,0.2751146578823767,13.6629093737793,21.88743993068641,1,West Africa
BFA,Burkina Faso,2011,725.024767725475,,,,49.9376678466797,55.5524253845215,52.7853507995605,6.0,64.89106,62.77919,66.92852,72.7853775024414,65.6708068847656,68.9655075073242,15.5189599990845,19.7049503326416,17.6357707977295,7.0,18.46052,16.38828,20.46392,20.47988,22.74974,3.98515009880066,,5.869,16661908.0,74.804,0.9380035596185302,0.8008377671531164,0.2844847965189658,12.1057092004395,28.893325247341025,1,West Africa
BFA,Burkina Faso,2012,731.470138867833,,,,54.7807312011719,57.7356414794922,56.2800216674805,6.0,65.68288,63.99954,67.30602,74.5708618164062,64.3040237426758,69.0744934082031,17.3622207641602,21.8287696838379,19.6218605041504,7.0,19.74492,17.88729,21.5402,17.37351,18.18041,3.60315990447998,,5.793,17172287.0,74.233,0.9508739337135074,0.830414295131893,0.3006098392762315,9.4028583325195,26.356038756929788,1,West Africa
BFA,Burkina Faso,2013,759.762065168498,,,,61.2615394592285,61.4198417663574,61.3418502807617,6.0,66.59063,65.31431,67.82096,74.631103515625,64.8937530517578,69.4970169067383,19.3432807922363,22.56422996521,20.9733791351318,7.0,21.66185,20.16338,23.10923,19.01221,15.59634,4.08343982696533,,5.697,17695409.0,73.654,0.963040186986442,0.8725249608057041,0.3252987695115664,5.248779719238307,31.02442675926473,1,West Africa
BFA,Burkina Faso,2014,764.861675106225,26.0,44.0,35.0,61.5311317443848,58.4752998352051,59.9809112548828,6.0,67.7983,66.49125,69.05833,70.701171875,62.2313499450684,66.2402420043945,22.4973602294922,25.9954395294189,24.2690391540527,7.0,,,,20.22056,16.09687,4.05329990386963,,5.595,18229461.0,73.066,0.962827366372746,,,7.817388745117199,31.00213754181626,1,West Africa
BFA,Burkina Faso,2015,630.124750752312,,,,61.8921318054199,59.577091217041,60.7178802490234,6.0,69.38962,68.14274,70.59215,73.9205932617188,64.1925735473633,68.8113327026367,25.09840965271,27.9328193664551,26.535249710083,7.0,26.53378,25.91824,27.12727,16.13029,17.26223,3.67008996009827,,5.478,18777487.0,72.47,0.965301949296062,0.9554311952511256,0.3823883168692955,8.671739750976592,23.12614521345485,1,West Africa
BFA,Burkina Faso,2016,663.742364842886,,,,62.2848510742188,58.3897094726562,60.3090896606445,6.0,75.20863,74.06397,76.31334,70.9876403808594,60.8077507019043,65.6362915039062,29.1666297912598,29.9999504089355,29.5892505645752,7.0,28.10485,28.00193,28.20396,,19.92959,,,5.331,19334856.0,71.866,0.9705245504914344,0.9928368214959886,0.3736918223347507,14.899540339355497,,1,West Africa
BFA,Burkina Faso,2017,709.091535894695,,,,64.1177062988281,59.2431983947754,61.645149230957,6.0,76.42387,75.4478,77.36641,73.6684875488281,64.4015274047852,68.8430328369141,36.3313598632812,36.4332084655762,36.3830108642578,7.0,29.14227,29.33465,28.95706,,,5.62846994400024,,5.17,19894407.0,71.257,0.9752009948503492,1.0130396525061591,0.3813241857550527,14.778720769042993,39.911003973282575,1,West Africa
BFA,Burkina Faso,2018,777.465618514048,31.0,49.0,39.0,65.4495468139648,60.3171997070312,62.8463706970215,6.0,78.64517,77.69237,79.56541,62.0553894042969,50.449291229248,55.9191093444824,43.5639991760254,41.0147514343262,42.2713317871094,7.0,31.00148,31.69258,30.33627,,,5.488609790802,41.4,4.921,20438288.0,70.642,0.9764591170962356,1.044709188044542,0.3941943287807757,15.798799302978496,42.67205405788136,1,West Africa
BFA,Burkina Faso,2019,764.853077774946,25.0,35.0,30.0,65.1451110839844,58.5925788879395,61.8211288452148,6.0,,,,61.1442909240723,48.4816284179688,54.4487800598145,42.8520698547363,38.0397109985352,40.4123687744141,7.0,,,,,,5.40713691711426,,4.681,20961952.0,70.02,,,,,41.35665313005374,1,West Africa
BFA,Burkina Faso,2020,825.237038782475,,,,66.192253112793,58.0210609436035,62.0456809997559,6.0,,,,69.5299987792969,55.2993583679199,62.0630111694336,43.5535011291504,37.3023300170898,40.384578704834,7.0,,,,,,5.15086507797241,,4.44,21478690.0,69.393,,,,,42.50684644114014,1,West Africa
BFA,Burkina Faso,2021,895.535288442991,31.0312004089355,44.1221809387207,36.9673805236816,68.6767807006836,59.1506614685059,63.8423805236816,6.0,,,,52.7968215942383,39.9423904418945,46.0297889709473,41.2609901428223,33.9812507629395,37.5703201293945,7.0,,,,,,5.22401523590088,43.2,4.361,21995243.0,68.76,,,,,46.78289991113074,1,West Africa
BFA,Burkina Faso,2022,836.118304593682,29.1200008392334,40.0699996948242,34.4900016784668,63.7592086791992,53.1665191650391,58.3837013244629,6.0,,,,36.0481910705566,26.5304794311523,31.0289707183838,34.9616889953613,26.5629405975342,30.7037601470947,7.0,,,,,,5.27651214599609,,4.275,22509038.0,68.123,,,,,44.11788389678222,1,West Africa
BWA,Botswana,2012,6595.53845015424,,,,98.4614715576172,94.5914993286133,96.5031509399414,7.0,87.75564,88.64898,86.88193,95.3852233886719,92.6852035522461,94.0120468139648,90.6482086181641,87.9206466674805,89.2718353271484,5.0,,,,,,8.10987281799316,,3.07,2108617.0,35.232,1.0203385214854228,,,-8.747510939941407,534.8897799693461,0,Southern Africa
BWA,Botswana,2013,6666.91219583487,87.4512100219727,86.1221389770508,86.8231811523438,97.1184005737305,93.3778228759766,95.2251205444336,7.0,88.02718,88.75808,87.31173,,,,88.8272857666016,87.2656784057617,88.0381698608398,5.0,,,,,,8.0172061920166,,3.045,2140682.0,34.428,1.016565357254976,,,-7.197940544433592,534.500097380783,0,Southern Africa
BWA,Botswana,2014,7122.36423421503,,,,71.6099700927734,,81.8389892578125,7.0,87.65678,88.10205,87.22083,,,,93.4932479858398,89.4181060791016,91.432861328125,5.0,,,,,,7.88874197006226,,3.027,2172044.0,33.632,1.0101033205026826,,,5.817790742187498,561.8649366052246,0,Southern Africa
CAF,Central African Republic,2010,476.873786950728,24.355489730835,50.7127113342285,36.7526092529297,26.5254497528076,44.8304595947266,35.7396583557129,6.0,65.95599,57.04558,74.80236,43.9173393249512,48.5800514221191,46.4728202819824,,,,7.0,,,,4.10032,,1.11760997772217,,5.963,4492995.0,61.096,0.7626173826601194,,,30.216331644287106,5.3295890241029,1,Central Africa
CAF,Central African Republic,2011,534.057281471636,,,,28.6760292053223,45.2012481689453,36.9948310852051,6.0,63.8246,55.69895,71.89583,45.3539199829102,47.349479675293,46.5562896728516,,,,7.0,13.81829,9.95953,17.68253,,,1.10792005062103,,6.009,4565021.0,60.865,0.7747173932062541,0.5632412330136016,0.2165041379029402,26.829768914794897,5.916927703225846,1,Central Africa
CAF,Central African Republic,2012,544.395849142785,,,,30.3383293151855,46.5846786499023,38.5165786743164,6.0,66.29549,58.95938,73.58041,,,,7.5138897895813,15.080940246582,11.3231401443481,7.0,13.61317,9.43066,17.79438,,,1.98034727573395,,6.047,4610848.0,60.612,0.8012918112307339,0.5299796902167988,0.2053408157930501,27.7789113256836,10.780928367707848,1,Central Africa
CAF,Central African Republic,2016,387.176203444318,,,,29.8765296936035,44.0057716369629,36.9948997497559,6.0,,,,,,,6.91483020782471,10.7193002700806,8.83185005187988,7.0,,,,,,1.75408899784088,,6.126,4713663.0,59.382,,,,,6.791415186874804,1,Central Africa
CAF,Central African Republic,2017,432.324025684263,,,,40.0755996704102,57.2490043640137,48.7285652160645,6.0,,,,,,,8.34887218475342,13.545202255249,10.9672956466675,7.0,12.71989,9.70857,15.72045,,,1.75365018844604,,6.127,4793511.0,59.02,,0.6175758327528792,,,7.581451091109585,1,Central Africa
CMR,Cameroon,2010,1398.58702025047,65.0,78.0,71.0,66.5326995849609,78.6887588500977,72.6221771240234,6.0,,,,57.2767486572266,56.9247817993164,57.0865592956543,31.1856670379639,34.2358779907227,32.7124786376953,7.0,,,,5.92604,,2.84803009033203,,5.154,19668066.0,48.441,,,,,39.832179176211504,1,Central Africa
CMR,Cameroon,2011,1513.96056994878,,,,65.2488021850586,76.7823486328125,71.0284576416016,6.0,88.72421,82.91874,94.45037,70.449836730957,69.1491394042969,69.7548217773438,40.2232513427734,42.5888710021973,41.4076995849609,7.0,,,,5.27591,17.95408,2.65336990356445,,5.052,20232304.0,47.836,0.8779080484279733,,,17.695752358398394,40.17097411485374,1,Central Africa
CMR,Cameroon,2012,1449.09874362279,,,,69.4360809326172,80.6754531860352,75.0696487426758,6.0,91.38752,,,,,,41.1838226318359,43.667724609375,42.4275932312012,7.0,39.66006,36.95547,42.33536,5.44964,17.7737,2.60306000709534,,4.982,20809529.0,47.231,,0.8729220679828871,0.4339767618160554,16.3178712573242,37.72090985856588,1,Central Africa
CMR,Cameroon,2013,1575.92882118897,,,,,,,6.0,,,,,,,41.4031715393066,44.0960311889648,42.7517700195312,7.0,41.01904,38.24519,43.76296,,,2.6554799079895,,4.905,21402376.0,46.627,,0.8739168922760252,,,41.84847321088888,1,Central Africa
CMR,Cameroon,2014,1649.4433905949,,,,68.9205474853516,78.4030685424805,73.6742401123047,6.0,91.7001,,,67.071418762207,64.5953369140625,65.7511520385742,35.8368301391602,37.7961692810059,36.8179817199707,7.0,43.96082,40.87461,47.01357,,,2.58396005630493,37.5,4.844,22059893.0,46.024,,0.8694215308473702,0.4793977323906953,18.025859887695304,42.62095836433392,1,Central Africa
CMR,Cameroon,2015,1415.00009710569,,,,70.2440490722656,78.7583770751953,74.5130615234375,6.0,92.07438,,,57.4007987976074,56.7539901733398,57.0588607788086,45.6277503967285,47.1242408752441,46.377269744873,7.0,45.01617,42.05413,47.94571,,,2.65791988372803,,4.841,22763414.0,45.422,,0.8771197673368484,0.4889109218003966,17.561318476562505,37.60956893574307,1,Central Africa
CMR,Cameroon,2016,1441.7201725688,,,,69.1732330322266,77.566780090332,73.3813705444336,6.0,94.493,90.25242,98.67048,41.2615585327148,41.1736106872559,41.2143402099609,46.8072700500488,48.2099990844727,47.5099716186523,7.0,45.99349,43.0281,48.92577,,,2.56234002113342,,4.842,23454161.0,44.821,0.914685121629083,0.8794567770726961,0.4867396526726847,21.1116294555664,36.941772974484174,1,Central Africa
CMR,Cameroon,2017,1496.08951771242,,,,64.4313278198242,71.9731903076172,68.2125701904297,6.0,92.87395,88.71914,96.96492,38.3605690002441,37.7225112915039,38.0223617553711,42.0790519714355,43.0323486328125,42.5567741394043,7.0,,,,,,3.05962991714478,,4.804,24128601.0,44.223,0.914961204526338,,,24.66137980957029,45.77480247119625,1,Central Africa
CMR,Cameroon,2018,1610.69641591017,66.1617736816406,79.7137908935547,72.5471267700195,60.9040107727051,67.9414672851562,64.431770324707,6.0,,,,64.2412719726562,63.669921875,63.9379615783691,40.462818145752,41.6047706604004,41.0350456237793,7.0,,,,,,3.03096008300781,,4.74,24806383.0,43.626,,,,,48.8195654246747,1,Central Africa
CMR,Cameroon,2019,1555.22660476477,,,,62.0059204101562,68.86181640625,65.4423599243164,6.0,,,,,,,36.6170196533203,38.5132179260254,37.5673675537109,7.0,,,,,,3.04739952087402,,4.651,25506095.0,43.032,,,,,47.39396810210688,1,Central Africa
CMR,Cameroon,2020,1555.60370660749,73.120002746582,83.4000015258789,78.2300033569336,62.9655227661133,69.9296951293945,66.4576873779297,6.0,,,,,,,35.6513023376465,36.7834663391113,36.218692779541,7.0,,,,,,3.10390138626099,,4.557,26210558.0,42.44,,,,,48.284405014117226,1,Central Africa
CMR,Cameroon,2021,1672.32657340872,,,,65.1495819091797,72.2926788330078,68.7343215942383,6.0,,,,68.2769165039062,64.7673110961914,66.4088592529297,35.2124900817871,35.9822387695312,35.598258972168,7.0,,,,,,2.82764077186584,,4.468,26915758.0,41.852,,,,,47.28738802845188,1,Central Africa
CMR,Cameroon,2022,1604.87726954895,,,,66.2083892822266,72.6338272094727,69.4347381591797,6.0,,,,66.9485931396484,65.0803375244141,65.9634017944336,35.5617599487305,35.1893615722656,35.3751602172852,7.0,,,,,,2.61768436431885,,4.397,27632771.0,41.267,,,,,42.010621351490144,1,Central Africa
COD,"Congo, Dem. Rep.",2010,314.53858629844,,,,51.7605514526367,68.8440475463867,60.315731048584,6.0,,,,48.5172309875488,59.7323989868164,54.4702606201172,,,,6.0,,,,3.10452,9.53216,1.5249799489975,,6.587,68563038.0,59.987,,,,,4.796650372911408,1,Central Africa
COD,"Congo, Dem. Rep.",2012,400.059901824342,63.0,88.0,75.0,57.4362106323242,77.44677734375,67.4500427246094,6.0,,,,55.0146903991699,55.7396812438965,55.4417381286621,30.8038997650146,47.8300895690918,39.329948425293,6.0,,,,,,,,6.559,73254618.0,58.918,,,,,,1,Central Africa
COD,"Congo, Dem. Rep.",2013,431.191528160935,,,,59.7097015380859,73.8265914916992,66.7713775634766,6.0,,,,,,,32.0063285827637,48.3418807983398,40.1842384338379,6.0,,,,7.19307,5.28871,2.06221008300781,,6.527,75789395.0,58.373,,,,,8.892075170810262,1,Central Africa
COD,"Congo, Dem. Rep.",2014,458.004541775676,,,,58.992115020752,70.9882202148438,64.9911422729492,6.0,,,,60.5060005187988,34.4101600646973,45.2553901672363,34.1961402893066,61.7670516967773,47.9922103881836,6.0,,,,,,1.95142996311188,,6.483,78403242.0,57.82,,,,,8.93763786062381,1,Central Africa
COD,"Congo, Dem. Rep.",2020,507.521230077872,,,,74.7407531738281,82.7255020141602,78.7289962768555,6.0,,,,73.9979629516602,72.6311492919922,73.294548034668,51.4245300292969,63.4767112731934,57.4445114135742,6.0,,,,,,2.622638463974,56.2,6.206,95989998.0,54.362,,,,,13.310446992856251,0,Central Africa
ETH,Ethiopia,2010,330.619412798644,,,,55.8174285888672,59.163890838623,57.5203399658203,6.0,73.35168,71.4706,75.19085,41.6307601928711,39.8331909179688,40.6559181213379,24.2248516082764,30.8648433685303,27.6038684844971,6.0,,,,7.98136,22.79132,4.49659013748169,29.6,5.282,90538514.0,82.681,0.9505225702329472,,,15.831340034179703,14.866599908503703,1,East Africa
ETH,Ethiopia,2011,343.024942351887,,,,50.9856185913086,54.9463348388672,52.9997825622559,6.0,77.23446,75.02156,79.3996,39.6148414611816,34.006420135498,36.6042785644531,,,,6.0,,,,8.91555,27.09463,5.48576021194458,,5.08,93149970.0,82.265,0.9448606793988884,,,24.234677437744097,18.81752580458565,1,East Africa
ETH,Ethiopia,2012,452.101031885754,,,,51.4121055603027,50.9552764892578,51.1800079345703,6.0,78.49475,76.32373,80.62134,,,,23.213830947876,27.3793506622314,25.3304405212402,6.0,,,,8.44536,25.76063,5.56678009033203,,4.887,95798767.0,81.84,0.946693890228071,,,27.314742065429694,25.16747023120182,1,East Africa
ETH,Ethiopia,2014,549.986577082588,,,,52.4973220825195,52.6905479431152,52.5954093933105,6.0,85.10069,82.17773,87.96649,39.287281036377,37.3366317749023,38.2494697570801,27.9652214050293,30.3965015411377,29.2011013031006,6.0,30.09293,29.95387,30.22879,8.50257,,4.79265069961548,,4.605,101115610.0,81.002,0.934193577577098,0.9909053587656006,0.3536155817303009,32.5052806066895,26.35893553433989,1,East Africa
ETH,Ethiopia,2015,621.845673808133,,,,52.042366027832,53.6327285766602,52.8494415283203,6.0,84.62346,81.45238,87.73222,,,,29.3228416442871,30.1522407531738,29.744140625,6.0,30.8138,30.3126,31.30377,7.87686,16.76439,5.15336132049561,23.5,4.529,103867135.0,80.572,0.9284203682523936,0.9683370405545402,0.3641283398244411,31.774018471679696,32.045954427203625,1,East Africa
GHA,Ghana,2011,1507.43573198753,,,,84.5180587768555,91.7288818359375,88.1638107299805,6.0,80.58882,80.68405,80.49745,,,,61.5316505432129,71.6308898925781,66.6400527954102,7.0,,,,24.35381,26.31798,8.14097023010254,,4.177,26095088.0,48.606,1.002318085852409,,,-7.574990729980499,122.71989417903316,0,West Africa
GHA,Ghana,2012,1543.77524235764,,,,100.132926940918,82.4599914550781,91.1953582763672,6.0,79.38927,,,,,78.9039611816406,60.8123588562012,69.7118377685547,65.3125,7.0,,,,17.22794,39.08224,7.91913986206055,24.2,4.154,26734268.0,47.927,,,,-11.806088276367204,122.25372059816574,0,West Africa
GHA,Ghana,2013,2294.79584693743,,,,89.3176422119141,93.0096206665039,91.1848068237305,6.0,84.93016,85.1253,84.74294,82.2893905639648,85.0981369018555,83.7136611938477,63.6840591430664,71.6423034667969,67.7068710327148,6.0,52.66323,51.31482,53.95368,7.27847,19.33164,4.57646989822388,,4.114,27386193.0,47.252,1.0045119982856388,0.95109026854146,0.6200768961226495,-6.254646823730496,105.0206411607832,0,West Africa
GHA,Ghana,2014,1949.90832923846,,,,87.4847564697266,90.958366394043,89.2414321899414,6.0,86.99201,87.16338,86.82758,,,,62.4598999023438,68.7672805786133,65.6477127075195,6.0,52.13977,51.3943,52.85329,6.44452,19.96045,3.68234825134277,,4.029,28041592.0,46.581,1.003867434748268,0.9723954743403864,0.5993627460728865,-2.249422189941413,71.80241526449944,0,West Africa
GHA,Ghana,2015,1722.77282833606,,,,92.3607788085938,94.9585266113281,93.6741485595703,6.0,89.28957,89.46214,89.12396,,,,69.0957489013672,74.782112121582,71.9701995849609,6.0,55.58338,55.00608,56.13594,,,3.68874549865723,,3.982,28696068.0,45.914,1.003794490280728,0.9798727873800634,0.6225069736588495,-4.384578559570301,63.548705157336265,0,West Africa
GHA,Ghana,2016,1912.47991339951,,,,,,,6.0,86.38027,87.10359,85.68586,83.2096633911133,86.7345504760742,84.9802703857422,,,,6.0,55.43891,55.50014,55.3803,,,3.45474433898926,23.4,3.873,29356742.0,45.251,1.01654567042917,1.002163946385267,0.6418006102550965,,66.07129154247627,0,West Africa
GHA,Ghana,2017,2012.28662641265,56.0202102661133,74.8940811157227,64.4923934936523,86.6911468505859,88.9846420288086,87.8497772216797,6.0,85.1822,85.75493,84.63233,82.3752975463867,80.8289489746094,81.5872802734375,67.7480010986328,71.9263000488281,69.859977722168,6.0,55.4414,55.81603,55.08278,,,3.18611741065979,,3.715,30008354.0,44.593,1.0132644345251989,1.0133117827386344,0.6508566343672739,-2.667577221679707,64.11381455651197,0,West Africa
GHA,Ghana,2018,2195.32166016377,,,,87.8575210571289,88.2199401855469,88.0406112670898,6.0,84.48045,85.08209,83.90292,,,,72.5030670166016,75.3457336425781,73.9395065307617,6.0,58.2609,58.78122,57.76273,,,3.01595592498779,,3.65,30637585.0,43.94,1.0140539804812514,1.0176323037363366,0.6896376617312052,-3.5601612670897964,66.20993368224954,0,West Africa
GHA,Ghana,2019,2186.65822682613,,,,,,,6.0,86.15823,86.60582,85.72872,,,,73.5298385620117,74.6177520751953,74.0793914794922,6.0,57.24406,57.88249,56.6328,,,3.15307116508484,,3.593,31258945.0,43.293,1.0102311104143396,1.0220665409444702,0.6644061745465291,,68.94689002901016,0,West Africa
KEN,Kenya,2014,1482.81566253497,74.0063171386719,83.7780303955078,78.733039855957,99.8065185546875,99.3322906494141,99.568962097168,6.0,,,,,,93.0039291381836,79.6517181396484,79.5936050415039,79.6226501464844,6.0,,,,10.63254,,4.7172999382019,,3.843,46051440.0,74.779,,,,,69.94886233241023,0,East Africa
KEN,Kenya,2015,1489.11959777284,,,,102.034477233887,102.134521484375,102.084579467773,6.0,,,,,,,80.1337509155273,81.5771865844727,80.855827331543,6.0,,,,10.95105,,4.9494514465332,36.1,3.766,47088526.0,74.342,,,,,73.7032514725772,0,East Africa
KEN,Kenya,2016,1554.12610314423,,,,102.507286071777,102.945243835449,102.726585388184,6.0,,,,,,,80.8322830200195,82.200813293457,81.5167236328125,6.0,,,,,,4.66556310653687,,3.689,48139687.0,73.895,,,,,72.50873409735634,0,East Africa
LSO,Lesotho,2010,1119.47557793042,,,,89.7247924804688,69.7810974121094,79.7661972045898,7.0,88.6368,89.475,87.79324,72.7465286254883,55.6013793945312,63.8545303344727,50.8184814453125,36.1369514465332,43.4959983825684,5.0,36.12128,44.71418,27.52585,,,,,3.25,1996251.0,75.202,1.0191559167881263,1.6244432052052888,0.4075201270804,8.870602795410193,,1,Southern Africa
LSO,Lesotho,2011,1280.73390931581,,,,88.7606582641602,71.2853317260742,80.0388336181641,7.0,88.93112,89.52064,88.33875,75.0746612548828,53.8253593444824,63.9021492004395,,,,5.0,38.96832,47.96394,29.9704,,,8.17000007629395,,3.343,2014009.0,74.69,1.0133790663780051,1.6003770386781624,0.4381854181078569,8.892286381835902,104.63596136822416,0,Southern Africa
LSO,Lesotho,2012,1217.93071228944,,,,88.9312286376953,70.8344345092773,79.9042816162109,7.0,89.19998,89.94278,88.45444,66.8969116210938,47.6984901428223,56.7543716430664,52.1190414428711,37.5972290039062,44.866813659668,5.0,40.16248,48.96679,31.38004,,,7.67000007629395,,3.296,2034354.0,74.296,1.0168260632253168,1.560443836272994,0.4502521188906097,9.295698383789102,93.41528656180748,1,Southern Africa
LSO,Lesotho,2013,1151.03735837227,,,,90.7783889770508,71.3956069946289,81.1170120239258,7.0,86.3829,87.38045,85.3819,77.6793975830078,57.9681015014648,67.3594818115234,51.746166229248,37.2277717590332,44.4965667724609,5.0,40.63024,49.39943,31.91674,,,7.28999996185303,,3.283,2056504.0,73.899,1.023407185832126,1.547759263634068,0.4703504976100593,5.265887976074211,83.91062298625262,1,Southern Africa
LSO,Lesotho,2014,1173.5377928819,84.9348907470703,67.7474670410156,76.6352005004883,89.1511306762695,71.7664566040039,80.4921646118164,7.0,87.35942,88.14449,86.57068,73.5002899169922,57.0232887268066,64.8559722900391,54.2567520141602,39.9965057373047,47.1398391723633,5.0,40.64296,49.5348,31.83446,,,7.19999980926514,,3.239,2080089.0,73.498,1.0181794806278524,1.5560119442893017,0.4652384367936509,6.867255388183594,84.49471884915114,1,Southern Africa
LSO,Lesotho,2015,1121.19851342518,,,,87.8156967163086,70.7936782836914,79.3446350097656,7.0,88.60833,89.06836,88.14467,80.6195907592773,59.4075889587402,69.2823867797852,,,,5.0,41.85947,50.84718,32.95864,,,7.64250230789185,,3.217,2104611.0,73.092,1.0104792496245092,1.5427572254194954,0.4724100995922167,9.2636949902344,85.68762226456849,0,Southern Africa
LSO,Lesotho,2016,992.491840678465,,,,88.3686599731445,73.8567962646484,81.1535415649414,7.0,90.57671,91.07911,90.07054,,,,54.2133827209473,37.9971351623535,46.1320419311523,5.0,41.35206,50.02598,32.73142,,,7.55247402191162,,3.18,2130422.0,72.683,1.0111975569370408,1.5283779316632151,0.4565418637969959,9.4231684350586,74.95768843683354,1,Southern Africa
LSO,Lesotho,2017,1069.36673247542,,,,,,,7.0,93.31062,93.38934,93.23133,,,,53.9432182312012,38.3973159790039,46.2022399902344,5.0,,,,,,7.23117733001709,49.7,3.105,2157110.0,72.27,1.0016948165386037,,,,77.32780473350707,1,Southern Africa
LSO,Lesotho,2018,1170.65569702819,91.7942276000977,80.2302474975586,86.2408676147461,,,,7.0,,,,,,,55.7651824951172,39.8880081176758,47.8663673400879,5.0,,,,20.7122,29.99591,7.40291881561279,,3.016,2183603.0,71.847,,,,,86.66269086134292,1,Southern Africa
LSO,Lesotho,2019,1082.05706777516,,,,87.6429901123047,77.9755935668945,82.8508071899414,7.0,,,,,,,52.4805526733398,37.1783828735352,44.8754425048828,5.0,,,,,,7.19406890869141,,2.924,2209405.0,71.415,,,,,77.84393108711072,1,Southern Africa
LSO,Lesotho,2020,918.582577421982,,,,81.4566268920898,70.8545227050781,76.1884078979492,7.0,,,,,,,58.4623374938965,40.7402534484863,49.6636123657227,5.0,,,,,,6.99799251556396,,2.846,2235727.0,70.972,,,,,64.28234001726483,1,Southern Africa
LSO,Lesotho,2022,1030.12579628833,89.7600021362305,73.9400024414062,82.0100021362305,79.316032409668,69.8090362548828,74.5931243896484,7.0,,,,78.8175811767578,61.7650299072266,69.9078521728516,56.769401550293,40.209789276123,48.5641899108887,5.0,,,,,,6.43347549438477,,2.716,2286110.0,70.057,,,,,66.27289066554569,1,Southern Africa
LSO,Lesotho,2023,916.282970463888,,,,75.7191162109375,66.4972305297852,71.1334838867188,7.0,,,,,,,50.0973358154297,33.5823707580566,41.8945960998535,5.0,,,,,,6.69212198257446,,2.694,2311472.0,69.585,,,,,61.3187740890001,1,Southern Africa
MDG,Madagascar,2010,450.009391645726,,,,70.5915069580078,67.9044723510742,69.2342376708984,5.0,,,,40.1005516052246,38.9409408569336,39.5192985534668,26.6912841796875,27.7906818389893,27.2469882965088,7.0,,,,,,2.58523440361023,71.7,4.896,22183340.0,68.062,,,,,11.633797612302407,1,Southern Africa
MDG,Madagascar,2011,506.163691559309,,,,71.6953277587891,68.6101608276367,70.1377105712891,5.0,,,,41.9477005004883,39.3928489685059,40.6585693359375,29.4647426605225,30.5453052520752,30.0108242034912,7.0,29.93668,29.92304,29.95035,6.61123,10.27007,3.09318614006042,,4.737,22822300.0,67.42,,0.9990881575674408,,,15.65658515333072,1,Southern Africa
MDG,Madagascar,2012,493.511162904211,68.0,75.0,72.0,70.3428802490234,66.6685638427734,68.488525390625,5.0,,,,39.1940116882324,36.7627487182617,37.969799041748,31.7297477722168,32.7243423461914,32.2322807312012,7.0,30.99363,31.1439,30.84303,6.56652,8.40601,2.46357321739197,70.7,4.613,23462438.0,66.773,,1.0097548781685846,,,12.158008834147797,1,Southern Africa
MDG,Madagascar,2013,515.301589361832,,,,69.6865539550781,65.4269866943359,67.5378723144531,5.0,,,,41.2924690246582,38.8204803466797,40.0512199401855,36.3737716674805,37.2164115905762,36.7994194030762,7.0,,,,,,2.40690064430237,,4.527,24109290.0,66.122,,,,,12.402797274450288,1,Southern Africa
MDG,Madagascar,2014,505.684922503435,,,,69.7999649047852,65.1815414428711,67.4706878662109,5.0,,,,43.675838470459,41.4710807800293,42.5731391906738,36.418701171875,36.2151985168457,36.3159637451172,7.0,31.01487,31.56835,30.46117,,,2.98742127418518,,4.421,24764348.0,65.466,,1.0363472578367805,,,15.10693895521446,1,Southern Africa
MDG,Madagascar,2015,445.320069480568,,,,69.9765090942383,65.2741241455078,67.60498046875,5.0,,,,36.1002006530762,34.1023216247559,35.1020584106445,37.5032844543457,37.1857261657715,37.3430595397949,7.0,30.28786,31.1388,29.43763,,,2.70418834686279,,4.335,25426702.0,64.807,,1.057788959233471,,,12.0422934251348,1,Southern Africa
MDG,Madagascar,2016,453.970714522463,,,,68.4594421386719,63.6729507446289,66.0451354980469,5.0,,,,,,,36.4471130371094,34.9553680419922,35.694751739502,7.0,30.14792,31.06385,29.23403,,,2.69792056083679,,4.285,26099952.0,64.144,,1.062592122947127,,,12.247769247279216,1,Southern Africa
MDG,Madagascar,2017,491.866848718929,,,,67.7796020507812,62.2511253356934,64.9911956787109,5.0,,,,,,,42.4067192077637,30.3280868530273,36.3181381225586,7.0,29.12022,30.28809,27.95657,,,2.70137405395508,,4.259,26788375.0,63.478,,1.083397927571229,,,13.287163431299632,1,Southern Africa
MDG,Madagascar,2018,500.45718552916,75.0,78.0,77.0,65.8189315795898,60.4730110168457,63.1228485107422,5.0,95.60378,,,33.2596282958984,29.9196891784668,31.569299697876,38.0275535583496,35.1694602966309,36.5870590209961,7.0,29.84739,31.03119,28.66958,,,3.04906916618347,,4.246,27494926.0,62.809,,1.082373372752583,0.3121988482045375,32.4809314892578,15.25928573391922,1,Southern Africa
MDG,Madagascar,2019,499.818837622534,,,,63.3281059265137,58.2387046813965,60.7599449157715,5.0,,,,,,,36.2333488464355,33.6394348144531,34.9260864257812,7.0,,,,,,3.01338386535645,,4.221,28219554.0,62.139,,,,,15.061460208929594,1,Southern Africa
MDG,Madagascar,2020,450.771615201509,,,,61.7512245178223,56.6257858276367,59.1633987426758,5.0,,,,,,,33.0908851623535,29.9473915100098,31.5064945220947,7.0,,,,,,3.25443387031555,,4.17,28953556.0,61.466,,,,,14.670064122886387,1,Southern Africa
MDG,Madagascar,2021,483.469463351371,71.7537612915039,77.9036865234375,74.6861419677734,65.6064453125,60.788200378418,63.171989440918,5.0,,,,,,,35.6934700012207,33.2902870178223,34.4823188781738,7.0,,,,,,3.19807553291321,,4.104,29691083.0,60.793,,,,,15.461718616546994,1,Southern Africa
MDG,Madagascar,2022,503.514533472879,76.0299987792969,78.9300003051758,77.4800033569336,61.9772529602051,56.7387580871582,59.328971862793,5.0,,,,,,,34.638011932373,30.9027442932129,32.7557601928711,7.0,,,,,,3.13901996612549,,4.036,30437261.0,60.118,,,,,15.805421738057287,1,Southern Africa
MLI,Mali,2010,827.617660082715,20.0,43.0,31.0,49.3796691894531,62.6587982177734,56.0999298095703,6.0,64.28644,59.1629,69.27211,73.5777969360352,77.0793914794922,75.4931106567383,27.6042194366455,41.6321296691895,34.7054710388184,6.0,30.67392,24.73725,36.47297,6.30255,35.6859,3.34388995170593,,6.579,15945198.0,64.001,0.8540652219197596,0.6782351423533648,0.4771444802356453,8.1865101904297,27.67462377404965,1,West Africa
MLI,Mali,2011,941.574944706639,19.0,44.0,31.0,50.1256217956543,62.7342491149902,56.5069389343262,6.0,64.87843,60.17874,69.45027,59.4187202453613,63.5465393066406,61.5925102233887,31.3766193389893,46.5447387695312,39.059009552002,6.0,31.98852,26.05559,37.7848,10.59471,26.9387,3.75423002243042,45.4,6.545,16469049.0,63.201,0.8665011669501068,0.689578613622409,0.4930532381871756,8.371491065673794,35.34888925785927,1,West Africa
MLI,Mali,2012,878.217175344858,,,,47.5817108154297,56.5404205322266,52.1180191040039,6.0,62.84672,58.45638,67.11437,,,,,,32.8647232055664,6.0,,,,10.07795,,3.47949004173279,,6.523,16957033.0,62.401,0.8709964795914795,,,10.7287008959961,30.55747916091133,1,West Africa
MLI,Mali,2013,903.190452512378,,,,,,51.8661117553711,6.0,58.63384,,,,,,25.6115894317627,32.8638381958008,29.2847690582275,6.0,33.11983,29.00992,37.13579,10.30013,24.59454,3.28465008735657,47.1,6.491,17459615.0,61.602,,0.7811849431505294,0.5648586208919627,6.767728244628898,29.666645987444028,1,West Africa
MLI,Mali,2014,940.243260037952,,,,47.4369087219238,54.020378112793,50.7712593078613,6.0,59.28886,55.71957,62.75337,,,,28.2177104949951,36.1033096313477,32.2114295959473,6.0,35.01947,29.84082,40.07741,12.23003,21.93312,3.64819002151489,46.9,6.441,18020267.0,60.804,0.8879135893418951,0.7445795524211769,0.5906585149385567,8.5176006921387,34.301860790670865,1,West Africa
MLI,Mali,2015,838.11986940103,22.0,45.0,33.0,45.7225608825684,51.2246589660645,48.5098495483398,6.0,55.64191,52.04927,59.12628,,,,25.9611396789551,32.6971893310547,29.3740692138672,6.0,31.36945,27.71759,34.93344,13.43451,23.14329,3.80152010917664,47.2,6.385,18593022.0,60.009,0.8803068618556756,0.7934400391143844,0.5637737813098076,7.132060451660202,31.86129537428515,1,West Africa
MLI,Mali,2016,872.468587171653,,,,45.4761581420898,51.5880393981934,48.5724182128906,6.0,56.98024,53.35294,60.49508,,,,24.2313594818115,34.1267204284668,29.2448196411133,6.0,32.53744,27.73266,37.22141,9.34227,20.51885,3.09477996826172,46.8,6.319,19191289.0,59.217,0.8819384981390221,0.7450727954690594,0.5710302378508759,8.407821787109405,27.00098306516436,1,West Africa
MLI,Mali,2017,924.057531692284,,,,44.5038299560547,49.295711517334,46.9308013916016,6.0,61.27746,57.72537,64.71794,,,,25.4968395233154,30.9517402648926,28.2608394622803,6.0,29.34611,26.13803,32.47233,12.3362,25.49535,3.78976988792419,44.9,6.251,19813011.0,58.428,0.8919531431315645,0.8049323839712149,0.478905457243169,14.3466586083984,35.019654083169705,1,West Africa
MLI,Mali,2018,996.379292136901,26.0,46.0,35.0,,,,6.0,58.94142,55.75683,62.02415,,,,,,,6.0,29.92706,26.81248,32.95999,,,3.55817008018494,43.8,6.118,20442030.0,57.644,0.8989535527693648,0.8134856837031809,0.5077424330801668,,35.4528698579737,0,West Africa
MOZ,Mozambique,2010,496.185839392659,,,,54.9852409362793,65.6836471557617,60.3175392150879,7.0,89.83316,86.69391,92.99847,26.0538196563721,27.7954902648926,26.9610004425049,19.4346504211426,23.8927307128906,21.6551609039307,5.0,15.97046,14.97363,16.98501,,,5.39052867889404,,5.66,22999235.0,68.17,0.9322079169689568,0.8815791100505682,0.1777791185348483,29.51562078491211,26.747039973072404,1,Southern Africa
MOZ,Mozambique,2011,618.17649286789,,,,51.542179107666,61.3442802429199,56.42919921875,7.0,87.48614,84.73091,90.26196,29.3944606781006,31.6939105987549,30.5732402801514,22.0221900939941,24.8984508514404,23.454460144043,5.0,17.0661,16.36,17.78469,,,5.62194490432739,,5.599,23649039.0,67.664,0.9387222479990462,0.919892334361746,0.1950720422686381,31.05694078125001,34.75354184053612,1,Southern Africa
MOZ,Mozambique,2012,685.685748199513,,,,49.5489196777344,58.1341705322266,53.8298492431641,7.0,87.73674,85.02275,90.46839,30.7182197570801,32.4197387695312,31.594970703125,21.9335594177246,24.6972904205322,23.3100891113281,5.0,17.45519,16.93053,17.9889,14.6371,61.07715,5.5575098991394,,5.518,24337846.0,67.154,0.9398061577087864,0.941165385320948,0.1989496076558121,33.9068907568359,38.107053333176,1,Southern Africa
MOZ,Mozambique,2013,686.505672517351,,,,47.7433013916016,55.4663887023926,51.5952606201172,7.0,88.88743,86.15052,91.63922,30.1252994537354,31.3292102813721,30.7491703033447,22.8810501098633,24.0423202514648,23.4596195220947,5.0,19.89826,19.352,20.45359,14.6503,50.23933,6.03576993942261,,5.43,25051611.0,66.64,0.9401053391768284,0.9461419731206112,0.2238590990874638,37.29216937988279,41.4359030142333,1,Southern Africa
MOZ,Mozambique,2014,697.142680444123,,,,47.9269905090332,54.6827812194824,51.2974395751953,7.0,89.91204,87.33514,92.49993,32.1566886901855,34.2474784851074,33.2297897338867,22.4451198577881,23.9824409484863,23.211389541626,5.0,20.22234,19.86617,20.58412,,,6.49390125274658,48.4,5.304,25788475.0,66.122,0.9441643901784572,0.9651211710775104,0.2249124811315592,38.61460042480471,45.27175725879199,1,Southern Africa
MOZ,Mozambique,2015,610.563774706589,43.0,71.0,56.0,48.5884208679199,55.0829315185547,51.8305511474609,7.0,91.51459,88.76509,94.27246,,,,23.2594795227051,24.203929901123,23.7303504943848,5.0,19.27829,19.3244,19.23149,,,6.01083421707153,,5.245,26547572.0,65.6,0.9415802876046728,1.0048311389289128,0.2106581038061799,39.684038852539096,36.69997628710718,1,Southern Africa
MOZ,Mozambique,2017,470.93856305196,50.0,73.0,61.0,46.6461601257324,52.9665412902832,49.803840637207,7.0,89.87354,88.22894,91.51815,37.2719116210938,40.5099296569824,38.9226989746094,24.0135192871094,23.8504104614258,23.9321403503418,5.0,,,,,,5.48664999008179,,5.128,28166393.0,64.545,0.9640594789121064,,,40.069699362793,25.83875062298169,1,Southern Africa
MOZ,Mozambique,2018,517.507260258101,,,,51.7164688110352,58.2872314453125,55.0001602172852,7.0,93.92934,92.4766,95.37994,40.7592086791992,42.7962417602539,41.805850982666,,,,5.0,,,,,,5.38976001739502,,5.07,29018644.0,64.012,0.969560266026588,,,38.9291797827148,27.89239940050752,1,Southern Africa
MOZ,Mozambique,2019,519.09255091362,,,,54.412239074707,61.6172218322754,58.0135307312012,7.0,,,,42.6552391052246,43.4653701782227,43.0711784362793,25.719690322876,25.3362503051758,25.5282707214355,5.0,,,,,,6.2863941192627,62.8,5.016,29884380.0,63.472,,,,,32.632203594164544,1,Southern Africa
MOZ,Mozambique,2020,462.433876479921,49.0,72.0,60.0,58.229679107666,64.8509063720703,61.5411491394043,7.0,,,,,,,33.0646476745605,35.1856956481934,34.1237335205078,5.0,,,,,,6.64256286621094,,4.959,30783688.0,62.926,,,,,30.717460959835,1,Southern Africa
MOZ,Mozambique,2022,578.251663751351,,,,69.5232315063477,77.299186706543,73.4155120849609,7.0,,,,,,,40.8409118652344,43.651741027832,42.2451095581055,5.0,,,,,,6.16198396682739,,4.84,32656246.0,61.813,,,,,35.63177480827088,1,Southern Africa
MWI,Malawi,2010,683.124694716799,51.2519683837891,72.0976486206055,61.3097190856934,68.7801132202148,69.933349609375,69.3453521728516,6.0,,,,51.5504493713379,50.2398300170898,50.9017486572266,18.0085105895996,22.4043407440186,20.1400394439697,6.0,29.12365,28.37883,29.879,5.0869,17.40599,2.43236994743347,50.7,5.263,14826463.0,84.456,,0.9497918270357106,,,16.616119777788057,1,Southern Africa
MWI,Malawi,2011,763.061000394572,,,,70.477165222168,71.6921463012695,71.0738677978516,6.0,,,,47.71630859375,50.581901550293,49.1162185668945,18.1019096374512,22.7448139190674,20.362642288208,6.0,30.06088,29.23264,30.8985,5.86816,24.92814,2.85346007347107,,5.083,15265022.0,84.328,,0.946086055957409,,,21.77364098248804,1,Southern Africa
MWI,Malawi,2012,558.46208832772,,,,72.5350646972656,75.3793792724609,73.9334564208984,6.0,,,,59.3935508728027,65.4795074462891,62.3302612304688,18.2000999450684,21.5194702148438,19.8208808898926,6.0,30.4559,29.2454,31.67723,,,2.52861189842224,,4.902,15709577.0,84.188,,0.9232309769509518,,,14.121338813632049,1,Southern Africa
MWI,Malawi,2013,496.947368267313,,,,76.9215698242188,79.2459564208984,78.0661315917969,6.0,,,,54.6252288818359,53.5271301269531,54.072208404541,20.2901782989502,23.2989120483398,21.7624759674072,6.0,32.74037,31.64016,33.84789,7.75208,23.88129,3.92116975784302,,4.759,16161816.0,84.034,,0.93477495938447,,,19.486149916894657,1,Southern Africa
MWI,Malawi,2014,529.5133440206,55.130989074707,75.9792633056641,65.1453704833984,76.3059539794922,77.3876190185547,76.8393478393555,6.0,,,,,,,,,,6.0,33.54261,33.05665,34.03077,9.25883,20.54724,3.66006016731262,,4.569,16621538.0,83.868,,0.971375317102728,,,19.380506985103025,0,Southern Africa
MWI,Malawi,2015,539.605363240686,55.2041091918945,69.7539672851562,62.1435394287109,,,,6.0,,,,,,,,,,6.0,34.24597,33.95577,34.53697,9.55053,26.41518,3.44449663162231,,4.384,17085587.0,83.687,,0.983171656343912,,,18.58668856087876,0,Southern Africa
MWI,Malawi,2016,450.506105510719,,,,,72.0546264648438,35.6434135437012,6.0,,,,,,,,,,6.0,32.95718,32.20138,33.71403,8.15872,24.02977,3.24413061141968,51.5,4.216,17557739.0,83.494,,0.9551329224064876,,,14.615006475187876,1,Southern Africa
MWI,Malawi,2022,604.269751184515,65.0899963378906,71.370002746582,68.0800018310547,,59.7326126098633,73.8953704833984,6.0,,,,,,,21.578275680542,22.5395565032959,22.0546836853027,6.0,,,,,,,,3.72,20568728.0,82.02,,,,,,1,Southern Africa
NAM,Namibia,2010,5418.21633365814,,,,90.9465408325195,86.4394836425781,88.7267684936523,7.0,91.7836,92.83527,90.72134,,,,61.9202919006348,54.7327690124512,58.3814582824707,5.0,,,,17.08606,,8.24330043792725,,3.657,2109811.0,58.384,1.0233013533530255,,,3.056831506347706,446.6398507602872,0,Southern Africa
NAM,Namibia,2012,5942.64680978673,,,,93.7897796630859,90.770866394043,92.3007125854492,7.0,95.22125,96.14792,94.28818,92.1751327514648,88.9758529663086,90.5927886962891,64.4762496948242,58.9844398498535,61.7710494995117,5.0,,,,,,9.24281215667725,,3.676,2194654.0,56.307,1.0197239993390477,,,2.920537414550793,549.2676817633607,0,Southern Africa
NAM,Namibia,2013,5346.62131149967,,,,94.4470825195312,91.3590316772461,92.923210144043,7.0,97.22695,,,,,,68.1500015258789,62.3557205200195,65.2942962646484,5.0,,,,,,8.59541702270508,,3.653,2252508.0,55.244,,,,4.303739855957005,459.5643983482202,0,Southern Africa
NAM,Namibia,2017,5143.96072323076,,,,,,,7.0,97.34142,,,86.9576416015625,81.2912902832031,84.1416091918945,80.185546875,73.4565811157227,76.8634414672852,5.0,,,,,,9.70867252349854,,3.511,2506853.0,50.995,,,,,499.4103013558616,0,Southern Africa
NER,Niger,2010,474.425692340831,,,,33.1415100097656,44.0538215637207,38.6980018615723,6.0,54.06424,47.99076,59.92409,66.8733825683594,71.3941802978516,69.3296127319336,7.06894016265869,9.83269023895264,8.47698020935059,7.0,10.86772,9.11368,12.5669,21.70959,42.6507,2.7219500541687,,7.64,16548835.0,83.779,0.8008592203903305,0.7252130597044617,0.2010149407445661,15.366238138427695,12.913630389661478,1,West Africa
NER,Niger,2011,510.75956176268,,,,36.8049812316895,49.7976913452148,43.4176902770996,6.0,58.7165,52.61018,64.61145,,,,8.10612010955811,11.4227104187012,9.79496955871582,7.0,11.53509,9.35062,13.64281,21.24614,51.05611,3.07762002944946,,7.592,17176283.0,83.784,0.8142547489647732,0.685388127519184,0.1964539780129946,15.2988097229004,15.719238575136524,1,West Africa
NER,Niger,2012,528.510104469655,23.0,39.0,31.0,40.7325401306152,52.7842597961426,46.8613510131836,6.0,60.38408,54.68609,65.88822,58.5522918701172,61.7681999206543,60.3033218383789,9.20625019073486,13.1396598815918,11.2095699310303,7.0,,,,19.50637,47.21979,3.1868200302124,,7.527,17836769.0,83.788,0.8299828102808058,,,13.522728986816396,16.842665870935445,1,West Africa
NER,Niger,2013,552.103334363117,,,,43.7553405761719,54.9076614379883,49.4299507141113,6.0,60.83162,55.31584,66.16207,65.6641006469727,63.3902702331543,64.3955383300781,10.2217998504639,14.6388397216797,12.4736099243164,7.0,,,,22.37595,51.99767,3.68952989578247,,7.445,18519898.0,83.792,0.8360657397811163,,,11.4016692858887,20.37001757693905,1,West Africa
NER,Niger,2014,565.30989731175,,,,52.6606292724609,66.6794204711914,59.7920684814453,6.0,60.13331,55.0955,65.00374,,,,10.3627300262451,14.9009399414062,12.6744003295898,7.0,15.15304,12.4236,17.78033,29.66632,73.18089,5.10368013381958,,7.342,19215909.0,83.781,0.8475743088013091,0.6987271889779324,0.2519907851405485,0.3412415185547033,28.85160892361565,1,West Africa
NER,Niger,2015,485.662574175279,,,,63.8748207092285,77.6147155761719,70.8624572753906,6.0,61.62795,56.39829,66.68577,,,,13.3742904663086,18.2877902984619,15.8755197525024,7.0,16.63379,13.72503,19.43599,22.53418,65.02605,4.48669004440308,,7.215,19939498.0,83.753,0.8457320054938258,0.7061657265721993,0.2699065927067183,-9.234507275390598,21.79017436491397,1,West Africa
NER,Niger,2016,502.706475406446,,,,67.8777923583984,81.4010314941406,74.753303527832,6.0,63.57047,58.33642,68.63463,,,,14.9825496673584,19.4709606170654,17.2668590545654,7.0,,,,16.47221,20.61046,2.95843005180359,,7.043,20685753.0,83.71,0.8499560644531776,,,-11.182833527832004,14.87221944078692,1,West Africa
NER,Niger,2017,521.804130023434,,,,60.8971900939941,70.5309066772461,65.7938690185547,6.0,65.12458,60.19768,69.89238,,,,15.9487199783325,21.1412506103516,18.5911102294922,7.0,20.06691,17.06071,22.96816,13.30223,17.13543,2.57818007469177,,6.874,21435446.0,83.65,0.8612910305815884,0.7427982911996434,0.3081311234559977,-0.6692890185547071,13.45305010918291,1,West Africa
NER,Niger,2019,561.691304349698,,,,60.162540435791,70.4016265869141,65.3655014038086,6.0,,,,,,,16.5080108642578,20.4797706604004,18.5278396606445,7.0,,,,,,3.52622723579407,,6.537,22947757.0,83.483,,,,,19.806511755066012,1,West Africa
NER,Niger,2021,608.722439593808,,,,57.4026184082031,64.4505996704102,60.9836807250977,6.0,,,,61.7885093688965,58.7096099853516,60.1336212158203,15.7770004272461,18.234489440918,17.026050567627,7.0,,,,,,3.82175827026367,45.5,6.2,24502140.0,83.249,,,,,23.263900178127127,1,West Africa
NER,Niger,2022,609.745147661683,29.7000007629395,46.2999992370605,38.0999984741211,50.3183403015137,55.572868347168,52.9879188537598,6.0,,,,62.1659202575684,56.5715103149414,59.1721305847168,15.0756101608276,15.9114999771118,15.5003700256348,7.0,,,,,,4.10143089294434,,6.135,25311973.0,83.106,,,,,25.00827585442535,1,West Africa
NGA,Nigeria,2010,2202.25672957344,,,,68.037109375,77.795539855957,72.9908294677734,6.0,64.13783,58.10557,69.94699,,,,42.5018081665039,49.1063194274902,45.8547096252441,6.0,,,,,,0.496685653924942,,5.948,166642886.0,56.52,0.8307086552259075,,,-8.852999467773401,10.938293238387882,1,West Africa
RWA,Rwanda,2010,593.624927744346,61.5486106872559,71.1305389404297,65.8522720336914,79.9068298339844,71.7450714111328,75.8724517822266,6.0,,,,,,,,,,6.0,,,,7.64487,34.49434,4.63126993179321,,4.522,10317553.0,83.066,,,,,27.492372786253068,0,East Africa
RWA,Rwanda,2012,706.8172686891,65.0,72.0,68.0,79.0543823242188,70.4848403930664,74.8167724609375,6.0,,,,38.6631011962891,30.9677104949951,34.7474708557129,39.4658012390137,35.9350891113281,37.7242012023926,6.0,,,,7.22609,32.57273,4.42103004455566,,4.201,10829901.0,83.057,,,,,31.248603808852817,1,East Africa
RWA,Rwanda,2013,704.92421796616,,,,63.9888610839844,53.6306304931641,58.8075218200684,6.0,,,,38.9373588562012,30.3505592346191,34.5559997558594,,,,6.0,,,,6.54429,37.42272,4.7421498298645,39.1,4.136,11093340.0,83.053,,,,,33.428562602955914,1,East Africa
RWA,Rwanda,2014,724.957526109262,66.0,76.0,71.0,69.1375579833984,59.3240699768066,64.2973022460938,6.0,,,,48.391429901123,40.9547386169434,44.7157096862793,39.5847091674805,35.493709564209,37.5726203918457,6.0,,,,,,4.19644021987915,,4.117,11364757.0,83.033,,,,,30.42240920268996,1,East Africa
RWA,Rwanda,2015,733.998630392314,,,,68.3224334716797,57.9592018127441,63.1980590820312,6.0,,,,61.1711387634277,54.821891784668,58.0821189880371,38.1206588745117,34.7997398376465,36.4876899719238,6.0,28.1042,30.19663,25.99671,5.54209,31.21191,3.64711999893188,,4.108,11640022.0,82.996,,1.161555827641267,,,26.769810840924173,1,East Africa
RWA,Rwanda,2016,729.519134044611,,,,73.7337265014648,61.6518516540527,67.745002746582,6.0,98.84059,99.47912,98.19931,63.0407981872559,50.951099395752,57.0613594055176,38.5696983337402,34.7658309936523,36.6978797912598,6.0,28.13633,30.40812,25.84692,5.47035,37.14513,3.43483996391296,38.2,4.106,11919183.0,82.944,1.0130327799655618,1.1764697689318495,0.2846637196317828,31.095587253418003,25.05781476055605,1,East Africa
RWA,Rwanda,2017,758.300966737624,,,,85.4486618041992,66.5681228637695,76.0721817016602,6.0,96.9315,97.39013,96.47141,59.7520904541016,50.8316802978516,55.2452011108398,40.3342399597168,36.4468002319336,38.417610168457,6.0,,,,,,3.1247398853302,,4.084,12202060.0,82.875,1.0095232359514594,,,20.8593182983398,23.694932758495032,1,East Africa
RWA,Rwanda,2018,771.773511057901,69.0,78.0,73.0,91.0225296020508,77.3483276367188,84.2233428955078,6.0,94.78978,95.13837,94.44055,71.3153533935547,62.0849914550781,66.6171722412109,38.8092498779297,34.4610595703125,36.6600799560547,6.0,35.87144,38.78909,32.92642,4.25557,21.67381,3.07375001907349,,4.047,12487996.0,82.789,1.007388987039995,1.178053672400461,0.3784315144522964,10.566437104492197,23.72238844334637,1,East Africa
RWA,Rwanda,2019,810.051412137354,,,,102.37190246582,89.5191497802734,95.9773025512695,6.0,,,,,,,44.8303718566895,38.3623085021973,41.625659942627,6.0,,,,,,3.23868060112,,3.985,12776103.0,82.687,,,,,26.2349779439911,1,East Africa
RWA,Rwanda,2021,829.544845639777,,,,101.348167419434,89.3960189819336,95.4018173217773,6.0,,,,,,,45.8356018066406,38.9437789916992,42.4102783203125,6.0,,,,,,5.58984994888306,,3.841,13355260.0,82.432,,,,,46.370312129957135,1,East Africa
RWA,Rwanda,2022,975.469323979541,77.0,81.0,79.0,,,,6.0,,,,,,,42.2067909240723,34.8774299621582,38.560619354248,6.0,,,,,,4.74623012542725,,3.778,13651030.0,82.279,,,,,46.29801891901852,1,East Africa
RWA,Rwanda,2023,1027.03446804432,,,,65.0630493164062,53.4875411987305,59.3042411804199,6.0,,,,,,,35.7384986877441,28.8771591186523,32.325740814209,6.0,,,,,,4.92004013061523,,3.698,13954471.0,82.108,,,,,50.53050798303119,1,East Africa
SEN,Senegal,2010,1275.88357492357,,,,59.6342506408691,56.9700202941895,58.288501739502,6.0,71.57491,73.6628,69.52928,59.5723609924316,58.7999305725098,59.1951293945312,29.282600402832,33.9216499328613,31.6229591369629,7.0,,,,16.7507,25.26933,0.544770002365112,,5.055,12635413.0,56.227,1.0594500619019789,,,13.286408260498,6.950630981287207,1,West Africa
SEN,Senegal,2011,1374.67591873844,40.0,66.0,52.0,62.661750793457,59.1977005004883,60.9112091064453,6.0,72.23795,74.60177,69.92345,63.7393989562988,58.9704704284668,61.3669090270996,31.1752891540527,36.0940818786621,33.6561698913574,7.0,,,,14.63009,21.36241,4.90302991867065,46.7,5.099,12958897.0,55.812,1.0669063096858065,,,11.3267408935547,67.40077158050634,1,West Africa
SEN,Senegal,2012,1326.83798848379,,,,62.8394508361816,57.4126815795898,60.0965003967285,6.0,74.27161,77.19371,71.40988,58.3894996643066,56.3743896484375,57.4079513549805,34.0627593994141,36.882568359375,35.4853591918945,7.0,,,,14.49724,18.64888,4.77698993682861,,5.129,13310495.0,55.397,1.0809948147231168,,,14.175109603271494,63.3829171878898,1,West Africa
SEN,Senegal,2013,1379.83196553924,34.0,54.0,44.0,63.7020683288574,57.3021087646484,60.4651908874512,6.0,73.18084,76.11761,70.30544,67.8886032104492,63.0604782104492,65.5232162475586,35.8900489807129,38.4820594787598,37.1975708007812,7.0,,,,15.07399,20.89553,5.68656015396118,,5.049,13710849.0,54.981,1.0826702741637062,,,12.715649112548803,78.46497474397378,1,West Africa
SEN,Senegal,2014,1398.89137601382,,,,64.9385375976562,56.9808502197266,60.9127883911133,6.0,73.74412,76.84509,70.70987,60.273509979248,55.9936218261719,58.1751708984375,41.4425086975098,41.7612380981445,41.603271484375,7.0,,,,14.66828,24.6833,5.72907018661499,,4.884,14152102.0,54.564,1.086766104929906,,,12.831331608886693,80.14346876633596,1,West Africa
SEN,Senegal,2015,1218.00613555438,35.1685104370117,54.1778411865234,43.5927314758301,62.9372100830078,55.160530090332,59.0049781799316,6.0,73.84804,77.2763,70.49687,,,,40.5606689453125,38.9864387512207,39.7662696838379,7.0,,,,13.74234,20.54068,5.45637989044189,,4.751,14593331.0,54.138,1.0961663971747966,,,14.8430618200684,66.45904184473758,1,West Africa
SEN,Senegal,2016,1266.43957151587,37.6722793579102,56.8072700500488,46.0996398925781,,,,6.0,73.53294,77.25883,69.89549,,,,,,,7.0,,,,11.80185,11.42773,5.11309003829956,,4.648,15034521.0,53.704,1.105347855777247,,,,64.75419557226158,0,West Africa
SEN,Senegal,2017,1356.80518449031,40.0,65.0,52.0,,,,6.0,75.3821,79.59276,71.27036,,,,,,,7.0,37.66861,39.42459,35.9396,,,4.74007987976074,,4.489,15475002.0,53.26,1.1167722458536762,1.0969679684804503,0.4997023165977069,,64.31364955757579,0,West Africa
SEN,Senegal,2019,1431.18128932159,38.5151901245117,57.4714088439941,46.8336715698242,67.6464080810547,55.6873397827148,61.5962104797363,6.0,,,,73.4786224365234,65.0124588012695,69.3999099731445,40.4291496276855,33.4833984375,36.9211196899414,7.0,,,,,,5.03527021408081,,4.1,16352922.0,52.347,,,,,72.06384517070771,1,West Africa
SEN,Senegal,2020,1461.08720350553,,,,68.0933380126953,54.98046875,61.4603805541992,6.0,,,,65.7447509765625,56.9389610290527,61.4873085021973,,,,7.0,,,,,,5.6869797706604,,4.003,16789219.0,51.878,,,,,83.09173369506725,1,West Africa
SEN,Senegal,2021,1598.10676952274,,,,70.619873046875,56.6570091247559,63.5550918579102,6.0,,,,60.8560218811035,60.8068389892578,60.8659706115723,46.1334800720215,37.2764701843262,41.6570281982422,7.0,,,,,,5.61201000213623,,3.936,17220867.0,51.4,,,,,89.68591175043235,1,West Africa
SEN,Senegal,2022,1574.0281059306,47.0800018310547,69.0599975585938,57.6699981689453,59.6756401062012,54.8390312194824,57.2280006408691,6.0,,,,71.1294937133789,60.180290222168,65.8912887573242,43.192741394043,34.5331687927246,38.8156890869141,7.0,,,,,,5.98753976821899,,3.864,17651103.0,50.914,,,,,94.2455588055388,1,West Africa
SWZ,Eswatini,2010,3992.95199562618,82.4475479125977,83.900146484375,83.0982894897461,85.2765274047852,86.040153503418,85.6527404785156,7.0,87.79701,87.16025,88.43296,,,67.3093719482422,48.0828399658203,51.5173110961914,49.7645492553711,5.0,37.06153,40.64823,33.32982,13.19017,27.64316,6.11837005615234,,3.375,1111650.0,77.52,0.985608194048916,1.2195754432517187,0.4221274733615643,2.144269521484404,244.3035792569295,1,Southern Africa
SWZ,Eswatini,2011,4312.34243414155,,,,85.2851104736328,86.526123046875,85.8988418579102,7.0,89.33158,86.26999,92.39772,,,69.3380432128906,47.4520416259766,58.3430595397949,52.7959098815918,5.0,39.58057,41.86797,37.23711,14.74651,30.2759,6.86432981491089,,3.317,1117833.0,77.3,0.9336809393132212,1.124361423322057,0.4430747782587076,3.4327381420898035,296.0134074278324,0,Southern Africa
SWZ,Eswatini,2012,4347.99569336631,,,,85.838020324707,84.6535415649414,85.2502365112305,7.0,88.30076,86.57568,90.0302,77.3734283447266,72.1898803710938,74.7054061889648,51.7690315246582,55.1707801818848,53.4447288513184,5.0,40.13429,43.27996,36.95593,,,5.5932822227478,,3.266,1123863.0,77.151,0.9616293199393092,1.1711235517547522,0.4545180585082167,3.0505234887695,243.19567016289776,0,Southern Africa
SWZ,Eswatini,2013,3951.12008139006,,,,86.7108383178711,87.2478179931641,86.9778366088867,7.0,84.51888,83.63544,85.40384,81.4866409301758,75.6222610473633,78.4520263671875,57.4782791137695,57.5307693481445,57.5043411254883,5.0,39.00495,42.99185,35.02331,,,5.08461046218872,,3.237,1129990.0,77.001,0.97929367110425,1.2275210424143237,0.4614939289304354,-2.4589566088867088,200.89906503199848,0,Southern Africa
SWZ,Eswatini,2014,3771.90796458406,,,,87.8140487670898,85.1767578125,86.5009765625,7.0,85.23378,84.51263,85.95468,82.487922668457,75.9437408447266,79.077507019043,54.8256683349609,56.5265884399414,55.6734580993652,5.0,40.49563,45.50959,35.52315,16.46033,28.22603,7.07059001922607,,3.181,1136299.0,76.851,0.9832231357268738,1.281124843939797,0.4751124495475854,-1.267196562500004,266.6961480782738,0,Southern Africa
SWZ,Eswatini,2015,3420.75357067279,,,,93.61572265625,92.761848449707,93.1901626586914,7.0,84.16842,83.54355,84.79129,84.6615524291992,76.3587036132812,80.3237609863281,50.4311714172363,59.9953002929688,55.214168548584,5.0,41.69996,47.09057,36.35775,,,5.35494709014893,,3.122,1142813.0,76.7,0.9852845734508816,1.2952003355543178,0.495434748567218,-9.021742658691409,183.1795437939082,0,Southern Africa
SWZ,Eswatini,2016,3239.80707501414,,,,99.5820693969727,100.632911682129,100.106567382812,7.0,84.2526,83.62154,84.87836,86.4170074462891,82.3374099731445,84.3743362426758,65.1800537109375,64.4543762207031,64.8164215087891,5.0,,,,,,5.43355321884155,58.9,3.068,1149507.0,76.541,0.9851926922244962,,,-15.853967382812002,176.0366416086871,0,Southern Africa
SWZ,Eswatini,2017,3853.99147918102,,,,102.627220153809,100.542541503906,101.585388183594,7.0,82.52357,82.37601,82.66946,,,85.3693389892578,71.3296737670898,68.6843109130859,70.0023803710938,5.0,,,,,,6.17791414260864,,3.018,1158195.0,76.375,0.9964503215576828,,,-19.061818183594,238.0962846472561,0,Southern Africa
SWZ,Eswatini,2018,3973.46344933667,,,,102.443962097168,100.838317871094,101.640510559082,7.0,,,,86.3901596069336,80.1639862060547,83.2042236328125,,,,5.0,,,,,,5.73687362670898,,2.971,1168929.0,76.201,,,,,227.95257669191636,0,Southern Africa
SWZ,Eswatini,2019,3913.12643969301,,,,100.767379760742,95.3187026977539,98.0370101928711,7.0,,,,,,,75.5917510986328,73.6357879638672,74.6081085205078,5.0,,,,,,5.69914817810059,,2.925,1179874.0,76.019,,,,,223.01487419453667,0,Southern Africa
TCD,Chad,2010,1141.80069268412,,,,23.6906509399414,38.8999786376953,31.3891105651855,6.0,,,,47.0787086486816,50.89794921875,49.3351516723633,9.36991024017334,24.0588207244873,16.8069095611572,7.0,,,,7.08025,15.08423,1.98194003105164,,6.99,12312575.0,78.015,,,,,22.629805003131487,1,Central Africa
TCD,Chad,2011,1308.1421872538,,,,26.8041000366211,42.4510192871094,34.7236785888672,6.0,61.66744,53.49643,69.79032,34.6777191162109,40.5833015441895,38.0586585998535,9.94085025787354,24.3185901641846,17.2195892333984,7.0,,,,5.8851,21.36509,2.25789999961853,,6.948,12754997.0,77.946,0.7665308025525603,,,26.9437614111328,29.53654244101338,1,Central Africa
TCD,Chad,2012,1354.34344701937,,,,27.1654090881348,43.1825714111328,35.2715492248535,6.0,,,,46.4801292419434,54.409740447998,50.9875793457031,9.23458957672119,22.3296909332275,15.863579750061,7.0,,,,6.30003,12.76379,2.20615005493164,,6.905,13210998.0,77.858,,,,,29.8788487003809,1,Central Africa
TCD,Chad,2013,1304.88742971475,,,,30.1624603271484,46.9572715759277,38.6615600585938,6.0,78.09266,67.37677,88.764,,,,10.630669593811,24.838399887085,17.82080078125,7.0,,,,,17.73265,2.85070991516113,,6.839,13691079.0,77.752,0.7590551349646253,,,39.4310999414062,37.1985553405696,1,Central Africa
TCD,Chad,2015,993.990730610869,13.9334096908569,38.9182014465332,26.0029907226562,31.1634407043457,46.5350189208984,38.9475402832031,6.0,79.09656,69.14669,89.00681,26.1211109161377,30.477409362793,28.5594005584717,8.93686008453369,21.3589706420898,15.2224102020264,7.0,18.44135,11.97697,24.85191,,,2.3428316116333,,6.706,14647621.0,77.485,0.7768696575014878,0.4819335817649428,0.2331498360990667,40.1490197167969,23.28752905345624,1,Central Africa
TCD,Chad,2016,861.831767630746,14.0,31.0,22.0,33.986400604248,49.845531463623,42.0207710266113,6.0,73.15289,64.07191,82.19736,18.6110706329346,23.1964893341064,21.1082096099854,8.84932041168213,22.0341491699219,15.5207996368408,7.0,18.8551,12.28557,25.37613,,,2.38847589492798,,6.623,15114655.0,77.323,0.7794886599764275,0.4841388344085564,0.2577492153761799,31.1321189733887,20.58464402469209,1,Central Africa
TCD,Chad,2017,854.46120040098,,,,31.1744499206543,44.4416084289551,37.8997802734375,6.0,,,,74.913688659668,71.5187835693359,72.956901550293,10.2012596130371,21.150390625,15.740870475769,7.0,,,,,,2.45481991767883,,6.537,15622759.0,77.142,,,,,20.97548373628088,1,Central Africa
TCD,Chad,2018,948.656629871231,,,,33.9625587463379,46.6743202209473,40.4090385437012,6.0,,,,,,,10.4184904098511,20.800479888916,15.6736698150635,7.0,,,,,,2.25947499275208,42.3,6.464,16156531.0,76.941,,,,,21.434659319025123,1,Central Africa
TCD,Chad,2021,946.358500208374,,,,37.6941986083984,49.1958198547363,43.5296287536621,6.0,,,,,,,14.0580902099609,24.1574897766113,19.1754894256592,7.0,,,,,,2.8881299495697,,6.255,17828273.0,76.219,,,,,27.332063274816683,1,Central Africa
TZA,Tanzania,2010,736.530151367188,60.7526206970215,75.4677963256836,67.8006973266602,90.4325485229492,90.5031204223633,90.4671249389648,7.0,92.19632,93.04912,91.35641,,,,,,,6.0,,,,,11.78248,4.54169988632202,,5.225,44758488.0,71.886,1.0185286396433486,,,1.729195061035199,33.450989047370975,0,East Africa
TZA,Tanzania,2011,775.392761230469,,,,86.7475967407227,82.4732360839844,84.6483306884766,7.0,,,,,,,37.0882606506348,51.6498107910156,43.9834861755371,6.0,,,,,,4.57789897918701,28.2,5.141,46029367.0,71.202,,,,,35.496697301059605,1,East Africa
TZA,Tanzania,2012,861.969909667969,73.0,83.0,78.0,83.6690368652344,79.0275039672852,81.3818511962891,7.0,87.50078,88.83323,86.19075,71.3694305419922,57.8441505432129,64.2875289916992,36.583137512207,50.5949478149414,43.243522644043,6.0,,,,,,4.22964286804199,,5.137,47374260.0,70.507,1.0306585103389865,,,6.118928803710901,36.45824880893924,1,East Africa
TZA,Tanzania,2013,963.05712890625,,,,79.2203903198242,73.9631042480469,76.6206893920898,7.0,83.95066,85.40375,82.52326,,,,33.1943473815918,42.4789733886719,37.6414184570312,6.0,,,,,,4.63769435882568,,5.156,48824128.0,69.804,1.0349051891551546,,,7.329970607910198,44.66364613955371,1,East Africa
TZA,Tanzania,2014,1022.74841308594,,,,,,,7.0,83.32041,85.39817,81.28122,,,,,,,6.0,,,,9.52422,14.94763,4.34605741500854,,5.122,50351512.0,69.096,1.0506506915127505,,,,44.44923324380366,0,East Africa
TZA,Tanzania,2015,939.127319335938,73.0,83.0,78.0,63.1312980651855,66.191535949707,64.6557388305664,7.0,,,,,,,,,,6.0,,,,,,4.19486570358276,,5.025,52020962.0,68.383,,,,,39.39512983179941,1,East Africa
TZA,Tanzania,2016,953.0107421875,,,,64.8061752319336,56.7330589294434,60.7533683776855,7.0,83.50466,85.38355,81.66404,,,,31.718448638916,28.8376960754395,30.289379119873,6.0,23.93899,24.18458,23.69634,,,4.10196733474731,,5.006,53824013.0,67.667,1.0455464853318548,1.0206040257693805,0.2866784919548202,22.751291622314504,39.09218934116415,1,East Africa
TZA,Tanzania,2017,986.674011230469,,,,70.9560470581055,62.4480285644531,66.670280456543,7.0,83.58042,85.18502,82.00978,93.490837097168,90.3415603637695,91.9301223754883,26.7397441864014,26.1433925628662,26.4408531188965,6.0,24.55251,25.00132,24.10939,,,4.40038347244263,,4.988,55652890.0,66.947,1.0387178212159571,1.0369951292836526,0.2937591124811289,16.910139543457007,43.41744011707229,1,East Africa
TZA,Tanzania,2018,1023.10626220703,,,,70.6413345336914,62.6882247924805,66.6259689331055,7.0,81.32921,82.84537,79.84613,87.5021209716797,82.3947906494141,84.9326934814453,29.5357437133789,28.2902221679688,28.9071960449219,6.0,26.54777,27.31307,25.79293,,,3.96343588829041,26.4,4.932,57437145.0,66.224,1.03756274724899,1.0589363054139256,0.3264235568008099,14.703241066894506,40.55016077166001,1,East Africa
TZA,Tanzania,2019,1063.32250976563,,,,67.1270065307617,60.1131057739258,63.5915222167969,7.0,,,,82.6474914550781,74.6182022094727,78.5686569213867,33.3771476745605,30.6450500488281,31.9999961853027,6.0,,,,,,3.59683632850647,,4.866,59174891.0,65.5,,,,,38.24597032043694,1,East Africa
TZA,Tanzania,2020,1117.41528320313,,,,70.0159912109375,64.2273330688477,67.1020278930664,7.0,,,,,,,33.9097366333008,30.9833469390869,32.4379501342773,6.0,,,,,,3.23097252845764,,4.801,60972798.0,64.773,,,,,36.103380829080265,1,East Africa
TZA,Tanzania,2021,1159.85656738281,,,,75.373405456543,69.7978286743164,72.5664291381836,7.0,,,,,,,37.3680419921875,33.6244125366211,35.4868659973145,6.0,,,,,,3.11515331268311,,4.734,62830412.0,64.046,,,,,36.13131028119821,1,East Africa
TZA,Tanzania,2023,1224.48962402344,,,,91.8758773803711,80.6559753417969,86.2270889282227,7.0,,,,,,,38.2410583496094,32.596061706543,35.403392791748,6.0,,,,,,3.26015281677246,,4.606,66617606.0,62.591,,,,,39.92023296868669,1,East Africa
UGA,Uganda,2010,823.488144282,65.0,83.0,73.0,54.6821403503418,56.4609794616699,55.568920135498,7.0,91.5001,92.45064,90.55265,24.5059795379639,25.1711692810059,24.8377990722656,24.4264106750488,29.2422008514404,26.8213691711426,6.0,,,,4.23554,,1.72739994525909,,6.019,32390802.0,80.617,1.0209600712955391,,,35.931179864502006,14.224933753542365,1,East Africa
UGA,Uganda,2011,835.620060555838,,,,52.9730606079102,54.9677085876465,53.9674987792969,7.0,94.67256,95.70638,93.64516,36.6117286682129,37.8515281677246,37.2296409606934,23.5199794769287,28.3183403015137,25.9079093933105,6.0,,,,6.91598,,2.29890990257263,,5.885,33354543.0,80.102,1.022010961378036,,,40.7050612207031,19.21015232000157,1,East Africa
UGA,Uganda,2012,795.222867553127,62.0,79.0,70.0,54.2892417907715,55.9666404724121,55.1258506774902,7.0,,,,34.815601348877,35.1496810913086,34.985710144043,22.5673999786377,26.4425201416016,24.4969806671143,6.0,,,,5.78683,,1.79746997356415,19.7,5.729,34337438.0,79.576,,,,,14.293892267183269,1,East Africa
UGA,Uganda,2013,818.285427416713,,,,54.6949310302734,56.1900100708008,55.4407196044922,7.0,95.49324,96.90298,94.10053,,,,26.718240737915,30.5984706878662,28.6509494781494,6.0,,,,5.16447,,1.87114000320435,,5.563,35337042.0,79.042,1.0297814475646416,,,40.0525203955078,15.311265972785812,1,East Africa
UGA,Uganda,2014,896.054795546394,,,,58.6412887573242,59.3233413696289,58.9814910888672,7.0,,,,,,,27.1796493530273,30.9717292785645,29.069709777832,6.0,,,,5.61796,,1.91472005844116,,5.408,36395539.0,78.496,,,,,17.15694090495073,1,East Africa
UGA,Uganda,2015,862.934610355811,,,,53.1914138793945,53.4494895935059,53.3201179504395,7.0,,,,,,,24.412576675415,26.6806030273438,25.5430011749268,6.0,,,,,,2.32152009010315,,5.251,37531446.0,77.94,,,,,20.033200343863488,1,East Africa
UGA,Uganda,2016,752.696571725656,60.9974403381348,78.4958419799805,69.101318359375,55.2198295593262,54.3351287841797,54.7785606384277,7.0,,,,35.7316207885742,35.2698402404785,35.4994888305664,27.0081195831299,29.7434406280518,28.3718891143799,6.0,,,,,,2.13789010047913,21.4,5.112,38799152.0,77.376,,,,,16.091825493568592,1,East Africa
UGA,Uganda,2017,765.218332297361,,,,53.6522789001465,52.2862815856934,52.9703216552734,7.0,,,,,,,24.9021091461182,27.4312305450439,26.1629905700684,6.0,,,,,,2.25363993644714,,4.987,40177388.0,76.804,,,,,17.245265937668112,1,East Africa
ZAF,South Africa,2010,7973.47195771517,92.0,94.0,93.0,,,,7.0,,,,,,,,,,5.0,,,,17.20415,19.37539,5.13497018814087,53.2,2.445,52344051.0,37.782,,,,,409.4354079884462,0,Southern Africa
ZAF,South Africa,2015,6112.27382485974,93.0,95.0,94.0,96.1811294555664,96.1133728027344,96.1466064453125,7.0,84.35479,,,90.2526473999023,70.6231918334961,79.6969528198242,,,,5.0,90.54401,89.8737,91.20397,,19.08402,5.48285007476807,,2.359,56723537.0,35.172,,0.98541434106432,1.0733712928453738,-11.791816445312506,335.1268099763514,0,Southern Africa
ZAF,South Africa,2016,5651.20585165749,91.9364700317383,91.5023574829102,91.7372436523438,96.9955062866211,93.0487213134766,94.9845962524414,7.0,,,,,,,89.5436096191406,81.2843322753906,85.3259506225586,5.0,,,,,,5.4442400932312,,2.261,57259551.0,34.659,,,,,307.6652147269648,0,Southern Africa
ZAF,South Africa,2017,6618.33508255701,86.0,88.0,87.0,,,,7.0,87.01258,86.70383,87.31522,92.2118911743164,87.3186416625977,89.7041702270508,,,,5.0,71.92661,78.52272,65.42324,17.6493,19.5657,5.59867000579834,,2.283,57635162.0,34.15,0.9929978988771946,1.200226708429604,0.8266231158758882,,370.5387411503481,0,Southern Africa
ZAF,South Africa,2018,6914.1780318076,,,,99.2211227416992,93.6630401611328,96.3931732177734,7.0,,,,99.3414611816406,93.9707870483398,96.5970077514648,92.7770233154297,83.7142181396484,88.1688232421875,5.0,,,,17.94111,21.375,5.64401006698608,,2.27,58613001.0,33.645,,,,,390.236904164561,0,Southern Africa
ZAF,South Africa,2019,6533.71121032856,95.0,96.0,95.0,98.8295974731445,94.5190124511719,96.6361312866211,7.0,,,,95.2816925048828,95.8401870727539,95.5730667114258,92.3166427612305,82.8927001953125,87.5237197875977,5.0,,,,,,5.91158008575439,,2.264,59587885.0,33.144,,,,,386.2455707704853,0,Southern Africa
ZAF,South Africa,2020,5580.60383075189,,,,97.5960311889648,93.4360504150391,95.4806594848633,7.0,,,,97.2291107177734,93.8143920898438,95.4700164794922,96.0752410888672,84.5662078857422,90.2189407348633,5.0,,,,,,6.17067003250122,,2.257,60562381.0,32.646,,,,,344.360648216822,0,Southern Africa
ZAF,South Africa,2021,6843.39941886204,89.0,91.0,90.0,98.6489562988281,95.4342803955078,97.0137481689453,7.0,,,,,,92.7620391845703,99.7218933105469,94.8280029296875,97.231330871582,5.0,,,,,,6.54902982711792,,2.248,61502603.0,32.153,,,,,448.1762691300894,0,Southern Africa
ZAF,South Africa,2022,6523.41097815853,,,,90.6903762817383,92.3604736328125,91.5397796630859,7.0,,,,,,,94.0274810791016,84.8194274902344,89.3450317382812,5.0,,,,,,6.16726016998291,,2.227,62378410.0,31.665,,,,,402.3157269802636,0,Southern Africa
ZMB,Zambia,2010,1451.10616017155,78.0,89.0,83.0,102.645027160645,95.8344192504883,99.2741394042969,7.0,84.80889,85.56765,84.0516,,,,55.3656311035156,64.175422668457,59.7226905822754,5.0,,,,,,3.41600441932678,57.0,5.359,13965594.0,60.645,1.0180371343317678,,,-14.465249404296898,49.56985056058329,0,Southern Africa
ZMB,Zambia,2011,1624.86817763443,,,,,,,7.0,87.93907,88.66623,87.21453,,,,51.6051406860352,63.5758514404297,57.5290794372559,5.0,,,,,,3.35772275924683,,5.256,14437796.0,60.149,1.0166451622223958,,,,54.55856860819046,0,Southern Africa
ZMB,Zambia,2012,1710.05061343728,,,,89.5226898193359,91.2101669311523,90.3584136962891,7.0,89.20566,90.34955,88.06815,53.7601699829102,57.2635383605957,55.4890098571777,53.6465492248535,57.9948616027832,55.798770904541,5.0,,,,,,3.69500231742859,,5.136,14913629.0,59.646,1.0259049383914616,,,-1.1527536962891105,63.18640979570932,0,Southern Africa
ZMB,Zambia,2013,1820.71854827391,,,,80.4646530151367,84.7891311645508,82.6073913574219,7.0,86.61205,87.39131,85.8387,,,,51.4101715087891,60.175220489502,55.749568939209,5.0,,,,,,3.71820712089539,,5.014,15398997.0,59.135,1.0180875292845768,,,4.004658642578093,67.6980867133837,0,Southern Africa
ZWE,Zimbabwe,2012,1238.59479481433,,,,87.7595367431641,89.1360778808594,88.4343795776367,7.0,94.17241,,,78.4168090820312,75.4824295043945,76.9268798828125,67.7715072631836,69.5228271484375,68.6258087158203,6.0,47.8753,47.37766,48.38675,14.01205,22.16475,6.07020998001099,,4.134,13817887.0,67.166,,0.9791453238748212,0.5083792588508673,5.738030422363295,75.18530484671611,0,Southern Africa
ZWE,Zimbabwe,2013,1362.29952932396,,,,87.1339950561523,89.2461013793945,88.1701507568359,7.0,94.14912,,,,,,66.7197036743164,67.753059387207,67.22412109375,6.0,48.73362,48.51255,48.96004,14.00009,22.24428,5.99597978591919,,4.111,14013808.0,67.346,,0.9908600973365216,0.5176216198303287,5.9789692431641015,81.68320440193692,0,Southern Africa
ZWE,Zimbabwe,2014,1372.21474610373,88.2838287353516,89.1853713989258,88.6934204101562,85.547737121582,89.0169525146484,87.2493515014648,7.0,,,,,,,66.0505065917969,66.5832672119141,66.3107757568359,6.0,,,,,,6.13835000991821,,4.011,14207359.0,67.496,,,,,84.23134400355747,0,Southern Africa
ZWE,Zimbabwe,2015,1386.41855927575,,,,89.6861190795898,92.3252944946289,90.9795455932617,7.0,,,,83.3529815673828,79.015739440918,81.1308517456055,58.1121025085449,65.1534805297852,61.5297317504883,6.0,,,,,,,,3.911,14399013.0,67.615,,,,,,0,Southern Africa
ZWE,Zimbabwe,2016,1407.42096413212,,,,89.6766128540039,93.2048721313477,91.4051666259766,7.0,,,,82.5620574951172,77.1742935180664,79.8064117431641,56.7444076538086,62.5934371948242,59.586311340332,6.0,,,,,,,,3.828,14600294.0,67.704,,,,,,0,Southern Africa
ZWE,Zimbabwe,2017,3448.08699068824,,,,89.5210037231445,92.0054779052734,90.7393112182617,7.0,,,,85.8244094848633,80.6516494750977,83.1905364990234,57.052864074707,61.9504852294922,59.4351539611816,6.0,,,,,,5.81877994537354,30.4,3.768,14812482.0,67.763,,,,,200.63659431320127,0,Southern Africa
ZWE,Zimbabwe,2018,2271.85250365817,,,,90.0719985961914,91.4037094116211,90.7262496948242,7.0,,,,88.1822967529297,82.5910034179688,85.3367614746094,52.2180061340332,58.5057144165039,55.2763328552246,6.0,,,,,,2.05048990249634,,3.744,15034452.0,67.791,,,,,46.58410618712107,0,Southern Africa
ZWE,Zimbabwe,2019,1683.91313584141,93.3581237792969,93.0746688842773,93.2275466918945,89.2721633911133,91.2274398803711,90.2321548461914,7.0,,,,90.841911315918,84.4236221313477,87.5701522827148,59.766773223877,66.6714477539062,63.1225357055664,6.0,,,,,,,38.3,3.748,15271368.0,67.79,,,,,,0,Southern Africa
